id,username,hashed_password,api_key,can_regenerate_key,api_key_creation_date
1,mypippo,$2b$12$LL2kc2XI5/BUX.mRM7ev/.omVyZ3cpmvgMK/p2koMKw9uFs4s2S1m,ef4742d000905e0c46c366812ef86258,t,2024-09-23 10:22:21.195509
2,testuser,$2b$12$Mc2wnBmt/x1Ix94HnPFN4Oco2lStya/pj2A0DN.NMhRnL9RH5Hh5G,a91a6d2c5a7968dd5aedcea91f8644e6,t,2024-09-23 10:59:22.12524
3,ciccio,$2b$12$O8XNRxDd62B.LmRz94nT0OoEoOrsGFcqlSUI7sLN6FOQMuNpJqhW6,b9d04c5c7991c671d2a7276002c3e1ac,t,2024-09-23 12:15:43.98195
4,dalton,$2b$12$CtUuvYViDsieQu/4vYLzKunJuQL5yO5.pkvw2yWpZperpGgqYHTV6,29efee7864e61e9f623e8ed280d8d71a,t,2024-09-27 10:52:39.12603
8,teseo,$2b$12$CtHMQcKG/HE2vmaU1jDiXuMG.ZLYO0chPatdR6Odr0pjyXkcHHJ6q,a56c8b5585b5e4084a34c3efec936e0a,t,2024-09-27 12:14:55.051827
9,donald,$2b$12$gMq/hswbpjEj2BtLQ6IAHOToJEWT1Oou68xL/sCwc/zekeGuvmQWm,0c49362f10e78603616d1a2084c20635,t,2024-09-27 12:17:59.551126
10,orfeo,$2b$12$C6hSqAdGPai.LC1PtQDo/eHPjaCOk2YQ0WXrJWsqb8sf6DcEY4u16,77a3e68809d40e0de65f24b94964cc65,t,2024-09-27 12:20:43.155384
11,adolf,$2b$12$6CcgcUnkFR2W/igO/pt28Ow59XHLEfLgerlSwODuxoHeR7DT.n8Li,f042491014ef8e9750a3d229a3059744,t,2024-09-27 12:23:08.957047
12,lorenz,$2b$12$pw388rB1KWlvcKfxyu9FSOd8/DlGXhQi8I5wMjkSg.n/9cll4bY8S,91d453bdf45c718a530480279024c9c1,t,2024-09-29 09:14:59.241064
